"Timestamp","Total score","We will meet:","We will meet: [Score]","We will meet: [Feedback]","We meet:
On certain day(s)","We meet:
On certain day(s) [Score]","We meet:
On certain day(s) [Feedback]","At time of day (EST).","At time of day (EST). [Score]","At time of day (EST). [Feedback]","We will communicate:","We will communicate: [Score]","We will communicate: [Feedback]","We will meet:","We will meet: [Score]","We will meet: [Feedback]","Everyone will respond to a given e-mail within:","Everyone will respond to a given e-mail within: [Score]","Everyone will respond to a given e-mail within: [Feedback]"
"2025/02/13 8:45:37 PM GMT+2","0.00 / 0","Once per week","-- / 0","","Monday;Tuesday;Wednesday;Thursday;Friday;Saturday;Sunday","-- / 0","","6am - 12pm","-- / 0","","all of the options above work well for me","-- / 0","","Zoom","-- / 0","","48 hours","-- / 0",""
"2025/02/13 10:51:41 PM GMT+2","0.00 / 0","Once per week","-- / 0","","Monday;Tuesday;Wednesday;Thursday;Friday;Saturday;Sunday","-- / 0","","6am - 12pm","-- / 0","","all of them work kfor me","-- / 0","","both are ok","-- / 0","","24 hours","-- / 0",""
"2025/02/13 11:07:35 PM GMT+2","0.00 / 0","As needed but at least twice a week","-- / 0","","Monday;Tuesday;Wednesday;Thursday;Friday;Saturday;Sunday","-- / 0","","12am - 6am;12pm - 6pm;6pm - 12am","-- / 0","","We should discuss method","-- / 0","","Zoom unless someone has better idea","-- / 0","","1.5 days","-- / 0",""